-- phpMyAdmin SQL Dump
-- version 5.2.1
-- https://www.phpmyadmin.net/
--
-- Host: 127.0.0.1
-- Generation Time: Dec 19, 2025 at 04:59 PM
-- Server version: 10.4.32-MariaDB
-- PHP Version: 8.2.12

SET SQL_MODE = "NO_AUTO_VALUE_ON_ZERO";
START TRANSACTION;
SET time_zone = "+00:00";


/*!40101 SET @OLD_CHARACTER_SET_CLIENT=@@CHARACTER_SET_CLIENT */;
/*!40101 SET @OLD_CHARACTER_SET_RESULTS=@@CHARACTER_SET_RESULTS */;
/*!40101 SET @OLD_COLLATION_CONNECTION=@@COLLATION_CONNECTION */;
/*!40101 SET NAMES utf8mb4 */;

--
-- Database: `school_db`
--

-- --------------------------------------------------------

--
-- Table structure for table `attendance`
--

CREATE TABLE `attendance` (
  `id` int(11) NOT NULL,
  `pupil_id` int(11) NOT NULL,
  `date` date NOT NULL,
  `status` enum('Present','Absent','Late','Authorised') NOT NULL,
  `notes` varchar(200) DEFAULT NULL
) ENGINE=InnoDB DEFAULT CHARSET=utf8mb4 COLLATE=utf8mb4_unicode_ci;

--
-- Dumping data for table `attendance`
--

INSERT INTO `attendance` (`id`, `pupil_id`, `date`, `status`, `notes`) VALUES
(2, 1, '2025-11-18', 'Late', 'Arrived 10 minutes late'),
(3, 2, '2025-11-17', 'Absent', 'Flu'),
(5, 4, '2025-11-17', 'Authorised', 'Medical appointment'),
(6, 5, '2025-11-17', 'Present', NULL),
(7, 6, '2025-11-17', 'Present', NULL);

-- --------------------------------------------------------

--
-- Table structure for table `class`
--

CREATE TABLE `class` (
  `id` int(11) NOT NULL,
  `name` varchar(40) NOT NULL,
  `capacity` int(11) NOT NULL,
  `teacher_id` int(11) DEFAULT NULL,
  `created_at` timestamp NOT NULL DEFAULT current_timestamp(),
  `updated_at` timestamp NOT NULL DEFAULT current_timestamp() ON UPDATE current_timestamp()
) ENGINE=InnoDB DEFAULT CHARSET=utf8mb4 COLLATE=utf8mb4_unicode_ci;

--
-- Dumping data for table `class`
--

INSERT INTO `class` (`id`, `name`, `capacity`, `teacher_id`, `created_at`, `updated_at`) VALUES
(1, 'Reception', 30, 8, '2025-11-18 12:34:57', '2025-12-15 21:27:35'),
(2, 'Year 1', 30, 2, '2025-11-18 12:34:57', '2025-11-18 12:34:57'),
(3, 'Year 2', 30, 3, '2025-11-18 12:34:57', '2025-11-18 12:34:57'),
(4, 'Year 3', 30, 4, '2025-11-18 12:34:57', '2025-11-18 12:34:57'),
(5, 'Year 4', 30, 5, '2025-11-18 12:34:57', '2025-11-18 12:34:57'),
(6, 'Year 5', 30, 6, '2025-11-18 12:34:57', '2025-11-18 12:34:57'),
(7, 'Year 6', 30, 7, '2025-11-18 12:34:57', '2025-11-18 12:34:57');

-- --------------------------------------------------------

--
-- Table structure for table `library_book`
--

CREATE TABLE `library_book` (
  `id` int(11) NOT NULL,
  `title` varchar(120) NOT NULL,
  `author` varchar(120) DEFAULT NULL,
  `isbn` varchar(20) NOT NULL,
  `available_copies` int(11) DEFAULT NULL,
  `created_at` timestamp NOT NULL DEFAULT current_timestamp(),
  `updated_at` timestamp NOT NULL DEFAULT current_timestamp() ON UPDATE current_timestamp()
) ENGINE=InnoDB DEFAULT CHARSET=utf8mb4 COLLATE=utf8mb4_unicode_ci;

--
-- Dumping data for table `library_book`
--

INSERT INTO `library_book` (`id`, `title`, `author`, `isbn`, `available_copies`, `created_at`, `updated_at`) VALUES
(1, 'Matilda', 'Roald Dahl', '9780142410379', 5, '2025-11-18 12:34:57', '2025-12-15 22:59:23'),
(2, 'Harry Potter and the Philosopher\'s Stone', 'J.K. Rowling', '9780747532699', NULL, '2025-11-18 12:34:57', '2025-11-18 12:34:57'),
(3, 'The Gruffalo', 'Julia Donaldson', '9780333710937', NULL, '2025-11-18 12:34:57', '2025-11-18 12:34:57'),
(4, 'Charlie and the Chocolate Factory', 'Roald Dahl', '9780142410318', NULL, '2025-11-18 12:34:57', '2025-11-18 12:34:57'),
(7, 'Too good to be true ', 'prajakta koli', '977776708197', 20, '2025-12-15 23:35:05', '2025-12-15 23:35:05');

-- --------------------------------------------------------

--
-- Table structure for table `parent`
--

CREATE TABLE `parent` (
  `id` int(11) NOT NULL,
  `first_name` varchar(50) NOT NULL,
  `last_name` varchar(50) NOT NULL,
  `email` varchar(120) NOT NULL,
  `phone` varchar(20) DEFAULT NULL,
  `address_line1` varchar(120) DEFAULT NULL,
  `address_line2` varchar(120) DEFAULT NULL,
  `city` varchar(60) DEFAULT NULL,
  `postcode` varchar(12) DEFAULT NULL,
  `created_at` timestamp NOT NULL DEFAULT current_timestamp(),
  `updated_at` timestamp NOT NULL DEFAULT current_timestamp() ON UPDATE current_timestamp()
) ENGINE=InnoDB DEFAULT CHARSET=utf8mb4 COLLATE=utf8mb4_unicode_ci;

--
-- Dumping data for table `parent`
--

INSERT INTO `parent` (`id`, `first_name`, `last_name`, `email`, `phone`, `address_line1`, `address_line2`, `city`, `postcode`, `created_at`, `updated_at`) VALUES
(1, 'Nadia', 'Hussain', 'nadia.hussain@example.com', '07911111111', '10 Oak Street', NULL, 'Manchester', 'M1 2AB', '2025-11-18 12:34:57', '2025-11-18 12:34:57'),
(2, 'Omar', 'Hussain', 'omar.hussain@example.com', '07922222222', '10 Oak Street', NULL, 'Manchester', 'M1 2AB', '2025-11-18 12:34:57', '2025-11-18 12:34:57'),
(3, 'Laura', 'Green', 'laura.green@example.com', '07933333333', '22 Maple Road', 'Flat 3', 'Manchester', 'M2 3CD', '2025-11-18 12:34:57', '2025-11-18 12:34:57'),
(4, 'Peter', 'White', 'peter.white@example.com', '07944444444', '5 River Lane', NULL, 'Salford', 'S3 4EF', '2025-11-18 12:34:57', '2025-11-18 12:34:57'),
(5, 'Jasmin', 'Patel', 'jasmin.patel@example.com', '07955555555', '30 Park Avenue', NULL, 'Salford', 'S5 6IJ', '2025-11-18 12:34:57', '2025-11-18 12:34:57'),
(6, 'Ahmed', 'Ali', 'ahmed.ali@example.com', '07966666666', '42 Station Road', '', 'Manchester', 'M6 7KL', '2025-11-18 12:34:57', '2025-11-25 18:06:54');

-- --------------------------------------------------------

--
-- Table structure for table `pupil`
--

CREATE TABLE `pupil` (
  `id` int(11) NOT NULL,
  `first_name` varchar(50) NOT NULL,
  `last_name` varchar(50) NOT NULL,
  `dob` date NOT NULL,
  `address_line1` varchar(120) NOT NULL,
  `address_line2` varchar(120) DEFAULT NULL,
  `city` varchar(60) DEFAULT NULL,
  `postcode` varchar(12) DEFAULT NULL,
  `medical_notes` text DEFAULT NULL,
  `class_id` int(11) NOT NULL,
  `created_at` timestamp NOT NULL DEFAULT current_timestamp(),
  `updated_at` timestamp NOT NULL DEFAULT current_timestamp() ON UPDATE current_timestamp()
) ENGINE=InnoDB DEFAULT CHARSET=utf8mb4 COLLATE=utf8mb4_unicode_ci;

--
-- Dumping data for table `pupil`
--

INSERT INTO `pupil` (`id`, `first_name`, `last_name`, `dob`, `address_line1`, `address_line2`, `city`, `postcode`, `medical_notes`, `class_id`, `created_at`, `updated_at`) VALUES
(1, 'Amir', 'Hussaim', '2016-05-12', '10 Oak Street', '', 'Manchester', 'M1 2AB', 'Asthma inhaler required', 2, '2025-11-18 12:34:57', '2025-12-15 23:54:03'),
(2, 'Bella', 'Green', '2015-09-03', '22 Maple Road', 'Flat 3', 'Manchester', 'M2 3CD', NULL, 3, '2025-11-18 12:34:57', '2025-11-18 12:34:57'),
(3, 'Charlie', 'White', '2014-11-21', '5 River Lane', NULL, 'Salford', 'S3 4EF', 'Peanut allergy', 4, '2025-11-18 12:34:57', '2025-11-18 12:34:57'),
(4, 'Daisy', 'Brown', '2017-01-10', '18 Hill View', NULL, 'Manchester', 'M4 5GH', NULL, 1, '2025-11-18 12:34:57', '2025-11-18 12:34:57'),
(5, 'Ethan', 'Patel', '2013-07-07', '30 Park Avenue', NULL, 'Salford', 'S5 6IJ', 'Glasses required', 6, '2025-11-18 12:34:57', '2025-11-18 12:34:57'),
(6, 'Farah', 'Ali', '2012-03-19', '42 Station Road', NULL, 'Manchester', 'M6 7KL', NULL, 7, '2025-11-18 12:34:57', '2025-11-18 12:34:57');

-- --------------------------------------------------------

--
-- Table structure for table `pupil_parent`
--

CREATE TABLE `pupil_parent` (
  `pupil_id` int(11) NOT NULL,
  `parent_id` int(11) NOT NULL,
  `relationship_type` enum('mother','father','guardian','other') NOT NULL
) ENGINE=InnoDB DEFAULT CHARSET=utf8mb4 COLLATE=utf8mb4_unicode_ci;

--
-- Dumping data for table `pupil_parent`
--

INSERT INTO `pupil_parent` (`pupil_id`, `parent_id`, `relationship_type`) VALUES
(1, 1, 'mother'),
(1, 2, 'father'),
(2, 3, 'mother'),
(3, 4, 'father'),
(4, 1, 'guardian'),
(5, 5, 'mother'),
(6, 6, 'father');

-- --------------------------------------------------------

--
-- Table structure for table `teacher`
--

CREATE TABLE `teacher` (
  `id` int(11) NOT NULL,
  `first_name` varchar(50) NOT NULL,
  `last_name` varchar(50) NOT NULL,
  `phone` varchar(20) DEFAULT NULL,
  `annual_salary` decimal(10,2) NOT NULL,
  `background_check_date` date NOT NULL,
  `created_at` timestamp NOT NULL DEFAULT current_timestamp(),
  `updated_at` timestamp NOT NULL DEFAULT current_timestamp() ON UPDATE current_timestamp()
) ENGINE=InnoDB DEFAULT CHARSET=utf8mb4 COLLATE=utf8mb4_unicode_ci;

--
-- Dumping data for table `teacher`
--

INSERT INTO `teacher` (`id`, `first_name`, `last_name`, `phone`, `annual_salary`, `background_check_date`, `created_at`, `updated_at`) VALUES
(2, 'Brian', 'Smith', '07222222222', 34000.00, '2022-09-10', '2025-11-18 12:34:57', '2025-11-18 12:34:57'),
(3, 'Chlo', 'Jones', '07333333333', 33000.00, '2024-01-05', '2025-11-18 12:34:57', '2025-12-18 23:27:56'),
(4, 'David', 'Wilson', '07444444444', 34500.00, '2023-03-20', '2025-11-18 12:34:57', '2025-11-18 12:34:57'),
(5, 'Emma', 'Taylor', '07555555555', 35000.00, '2022-11-01', '2025-11-18 12:34:57', '2025-11-18 12:34:57'),
(6, 'Faisal', 'Khan', '07666666666', 36000.00, '2023-06-12', '2025-11-18 12:34:57', '2025-11-18 12:34:57'),
(7, 'Grace', 'Hall', '07777777777', 35500.00, '2024-02-28', '2025-11-18 12:34:57', '2025-11-18 12:34:57'),
(8, 'alis', 'jack', '07788756382', 33000.00, '2025-11-07', '2025-11-18 13:45:34', '2025-11-18 13:45:34'),
(10, 'Alice', 'Brown', '07111111112', 32000.00, '2023-08-15', '2025-12-09 17:04:55', '2025-12-09 17:04:55'),
(11, '', '', '', 0.00, '0000-00-00', '2025-12-18 23:03:51', '2025-12-18 23:03:51'),
(12, '', '', '', 0.00, '0000-00-00', '2025-12-18 23:08:24', '2025-12-18 23:08:24'),
(13, '', '', '', 0.00, '0000-00-00', '2025-12-18 23:08:24', '2025-12-18 23:08:24'),
(14, '', '', '', 0.00, '0000-00-00', '2025-12-18 23:08:24', '2025-12-18 23:08:24'),
(15, '', '', '', 0.00, '0000-00-00', '2025-12-18 23:08:24', '2025-12-18 23:08:24'),
(16, '', '', '', 0.00, '0000-00-00', '2025-12-18 23:08:24', '2025-12-18 23:08:24'),
(17, '', '', '', 0.00, '0000-00-00', '2025-12-18 23:08:24', '2025-12-18 23:08:24'),
(18, '', '', '', 0.00, '0000-00-00', '2025-12-18 23:08:24', '2025-12-18 23:08:24'),
(19, '', '', '', 0.00, '0000-00-00', '2025-12-18 23:08:24', '2025-12-18 23:08:24'),
(20, '', '', '', 0.00, '0000-00-00', '2025-12-18 23:08:24', '2025-12-18 23:08:24'),
(21, '', '', '', 0.00, '0000-00-00', '2025-12-18 23:08:24', '2025-12-18 23:08:24'),
(22, '', '', '', 0.00, '0000-00-00', '2025-12-18 23:08:24', '2025-12-18 23:08:24'),
(23, '', '', '', 0.00, '0000-00-00', '2025-12-18 23:08:24', '2025-12-18 23:08:24'),
(24, '', '', '', 0.00, '0000-00-00', '2025-12-18 23:08:24', '2025-12-18 23:08:24'),
(25, '', '', '', 0.00, '0000-00-00', '2025-12-18 23:08:24', '2025-12-18 23:08:24'),
(26, '', '', '', 0.00, '0000-00-00', '2025-12-18 23:08:24', '2025-12-18 23:08:24'),
(27, '', '', '', 0.00, '0000-00-00', '2025-12-18 23:08:24', '2025-12-18 23:08:24'),
(28, '', '', '', 0.00, '0000-00-00', '2025-12-18 23:08:24', '2025-12-18 23:08:24'),
(29, '', '', '', 0.00, '0000-00-00', '2025-12-18 23:08:24', '2025-12-18 23:08:24'),
(30, '', '', '', 0.00, '0000-00-00', '2025-12-18 23:08:24', '2025-12-18 23:08:24'),
(31, '', '', '', 0.00, '0000-00-00', '2025-12-18 23:08:24', '2025-12-18 23:08:24'),
(32, '', '', '', 0.00, '0000-00-00', '2025-12-18 23:08:25', '2025-12-18 23:08:25'),
(33, '', '', '', 0.00, '0000-00-00', '2025-12-18 23:08:25', '2025-12-18 23:08:25'),
(34, '', '', '', 0.00, '0000-00-00', '2025-12-18 23:08:25', '2025-12-18 23:08:25'),
(35, '', '', '', 0.00, '0000-00-00', '2025-12-18 23:08:25', '2025-12-18 23:08:25'),
(36, '', '', '', 0.00, '0000-00-00', '2025-12-18 23:08:25', '2025-12-18 23:08:25'),
(37, '', '', '', 0.00, '0000-00-00', '2025-12-18 23:08:25', '2025-12-18 23:08:25'),
(38, '', '', '', 0.00, '0000-00-00', '2025-12-18 23:08:25', '2025-12-18 23:08:25'),
(39, '', '', '', 0.00, '0000-00-00', '2025-12-18 23:08:25', '2025-12-18 23:08:25'),
(40, '', '', '', 0.00, '0000-00-00', '2025-12-18 23:08:25', '2025-12-18 23:08:25'),
(41, '', '', '', 0.00, '0000-00-00', '2025-12-18 23:08:25', '2025-12-18 23:08:25'),
(42, '', '', '', 0.00, '0000-00-00', '2025-12-18 23:08:25', '2025-12-18 23:08:25'),
(43, '', '', '', 0.00, '0000-00-00', '2025-12-18 23:08:25', '2025-12-18 23:08:25'),
(44, '', '', '', 0.00, '0000-00-00', '2025-12-18 23:08:25', '2025-12-18 23:08:25'),
(45, '', '', '', 0.00, '0000-00-00', '2025-12-18 23:08:26', '2025-12-18 23:08:26'),
(46, '', '', '', 0.00, '0000-00-00', '2025-12-18 23:08:26', '2025-12-18 23:08:26'),
(47, '', '', '', 0.00, '0000-00-00', '2025-12-18 23:08:26', '2025-12-18 23:08:26'),
(48, '', '', '', 0.00, '0000-00-00', '2025-12-18 23:08:26', '2025-12-18 23:08:26'),
(49, '', '', '', 0.00, '0000-00-00', '2025-12-18 23:08:26', '2025-12-18 23:08:26'),
(50, '', '', '', 0.00, '0000-00-00', '2025-12-18 23:08:26', '2025-12-18 23:08:26'),
(51, '', '', '', 0.00, '0000-00-00', '2025-12-18 23:08:26', '2025-12-18 23:08:26'),
(52, '', '', '', 0.00, '0000-00-00', '2025-12-18 23:08:27', '2025-12-18 23:08:27'),
(53, '', '', '', 0.00, '0000-00-00', '2025-12-18 23:08:27', '2025-12-18 23:08:27'),
(54, '', '', '', 0.00, '0000-00-00', '2025-12-18 23:08:27', '2025-12-18 23:08:27'),
(55, '', '', '', 0.00, '0000-00-00', '2025-12-18 23:08:27', '2025-12-18 23:08:27'),
(56, '', '', '', 0.00, '0000-00-00', '2025-12-18 23:08:27', '2025-12-18 23:08:27'),
(57, '', '', '', 0.00, '0000-00-00', '2025-12-18 23:08:27', '2025-12-18 23:08:27'),
(58, '', '', '', 0.00, '0000-00-00', '2025-12-18 23:08:27', '2025-12-18 23:08:27'),
(59, '', '', '', 0.00, '0000-00-00', '2025-12-18 23:08:27', '2025-12-18 23:08:27'),
(60, '', '', '', 0.00, '0000-00-00', '2025-12-18 23:08:27', '2025-12-18 23:08:27'),
(61, '', '', '', 0.00, '0000-00-00', '2025-12-18 23:08:27', '2025-12-18 23:08:27'),
(62, '', '', '', 0.00, '0000-00-00', '2025-12-18 23:08:27', '2025-12-18 23:08:27'),
(63, '', '', '', 0.00, '0000-00-00', '2025-12-18 23:08:27', '2025-12-18 23:08:27'),
(64, '', '', '', 0.00, '0000-00-00', '2025-12-18 23:08:27', '2025-12-18 23:08:27'),
(65, '', '', '', 0.00, '0000-00-00', '2025-12-18 23:08:27', '2025-12-18 23:08:27'),
(66, '', '', '', 0.00, '0000-00-00', '2025-12-18 23:08:27', '2025-12-18 23:08:27'),
(67, '', '', '', 0.00, '0000-00-00', '2025-12-18 23:08:27', '2025-12-18 23:08:27'),
(68, '', '', '', 0.00, '0000-00-00', '2025-12-18 23:08:27', '2025-12-18 23:08:27'),
(69, '', '', '', 0.00, '0000-00-00', '2025-12-18 23:08:27', '2025-12-18 23:08:27'),
(70, '', '', '', 0.00, '0000-00-00', '2025-12-18 23:08:27', '2025-12-18 23:08:27'),
(71, '', '', '', 0.00, '0000-00-00', '2025-12-18 23:08:27', '2025-12-18 23:08:27'),
(72, '', '', '', 0.00, '0000-00-00', '2025-12-18 23:08:27', '2025-12-18 23:08:27'),
(73, '', '', '', 0.00, '0000-00-00', '2025-12-18 23:08:27', '2025-12-18 23:08:27'),
(74, '', '', '', 0.00, '0000-00-00', '2025-12-18 23:08:27', '2025-12-18 23:08:27'),
(75, '', '', '', 0.00, '0000-00-00', '2025-12-18 23:08:27', '2025-12-18 23:08:27'),
(76, '', '', '', 0.00, '0000-00-00', '2025-12-18 23:08:27', '2025-12-18 23:08:27'),
(77, '', '', '', 0.00, '0000-00-00', '2025-12-18 23:08:27', '2025-12-18 23:08:27'),
(78, '', '', '', 0.00, '0000-00-00', '2025-12-18 23:08:28', '2025-12-18 23:08:28'),
(79, '', '', '', 0.00, '0000-00-00', '2025-12-18 23:08:28', '2025-12-18 23:08:28'),
(80, '', '', '', 0.00, '0000-00-00', '2025-12-18 23:08:28', '2025-12-18 23:08:28'),
(81, '', '', '', 0.00, '0000-00-00', '2025-12-18 23:08:28', '2025-12-18 23:08:28'),
(82, '', '', '', 0.00, '0000-00-00', '2025-12-18 23:08:28', '2025-12-18 23:08:28'),
(83, '', '', '', 0.00, '0000-00-00', '2025-12-18 23:08:28', '2025-12-18 23:08:28'),
(84, '', '', '', 0.00, '0000-00-00', '2025-12-18 23:08:28', '2025-12-18 23:08:28'),
(85, '', '', '', 0.00, '0000-00-00', '2025-12-18 23:08:28', '2025-12-18 23:08:28'),
(86, '', '', '', 0.00, '0000-00-00', '2025-12-18 23:08:28', '2025-12-18 23:08:28'),
(87, '', '', '', 0.00, '0000-00-00', '2025-12-18 23:08:28', '2025-12-18 23:08:28'),
(88, '', '', '', 0.00, '0000-00-00', '2025-12-18 23:08:28', '2025-12-18 23:08:28'),
(89, '', '', '', 0.00, '0000-00-00', '2025-12-18 23:08:28', '2025-12-18 23:08:28'),
(90, '', '', '', 0.00, '0000-00-00', '2025-12-18 23:08:28', '2025-12-18 23:08:28'),
(91, '', '', '', 0.00, '0000-00-00', '2025-12-18 23:08:28', '2025-12-18 23:08:28'),
(92, '', '', '', 0.00, '0000-00-00', '2025-12-18 23:08:31', '2025-12-18 23:08:31'),
(93, '', '', '', 0.00, '0000-00-00', '2025-12-18 23:08:31', '2025-12-18 23:08:31'),
(94, '', '', '', 0.00, '0000-00-00', '2025-12-18 23:08:31', '2025-12-18 23:08:31'),
(95, '', '', '', 0.00, '0000-00-00', '2025-12-18 23:08:31', '2025-12-18 23:08:31'),
(96, '', '', '', 0.00, '0000-00-00', '2025-12-18 23:08:31', '2025-12-18 23:08:31'),
(97, '', '', '', 0.00, '0000-00-00', '2025-12-18 23:08:31', '2025-12-18 23:08:31'),
(98, '', '', '', 0.00, '0000-00-00', '2025-12-18 23:08:31', '2025-12-18 23:08:31'),
(99, '', '', '', 0.00, '0000-00-00', '2025-12-18 23:08:31', '2025-12-18 23:08:31'),
(100, '', '', '', 0.00, '0000-00-00', '2025-12-18 23:08:31', '2025-12-18 23:08:31'),
(101, '', '', '', 0.00, '0000-00-00', '2025-12-18 23:08:31', '2025-12-18 23:08:31'),
(102, '', '', '', 0.00, '0000-00-00', '2025-12-18 23:08:31', '2025-12-18 23:08:31'),
(103, '', '', '', 0.00, '0000-00-00', '2025-12-18 23:08:31', '2025-12-18 23:08:31'),
(104, '', '', '', 0.00, '0000-00-00', '2025-12-18 23:08:31', '2025-12-18 23:08:31'),
(105, '', '', '', 0.00, '0000-00-00', '2025-12-18 23:08:31', '2025-12-18 23:08:31'),
(106, '', '', '', 0.00, '0000-00-00', '2025-12-18 23:08:31', '2025-12-18 23:08:31'),
(107, '', '', '', 0.00, '0000-00-00', '2025-12-18 23:08:31', '2025-12-18 23:08:31'),
(108, '', '', '', 0.00, '0000-00-00', '2025-12-18 23:08:31', '2025-12-18 23:08:31'),
(109, '', '', '', 0.00, '0000-00-00', '2025-12-18 23:08:31', '2025-12-18 23:08:31'),
(110, '', '', '', 0.00, '0000-00-00', '2025-12-18 23:08:31', '2025-12-18 23:08:31'),
(111, '', '', '', 0.00, '0000-00-00', '2025-12-18 23:08:31', '2025-12-18 23:08:31'),
(112, '', '', '', 0.00, '0000-00-00', '2025-12-18 23:08:36', '2025-12-18 23:08:36'),
(113, '', '', '', 0.00, '0000-00-00', '2025-12-18 23:08:36', '2025-12-18 23:08:36'),
(114, '', '', '', 0.00, '0000-00-00', '2025-12-18 23:08:36', '2025-12-18 23:08:36'),
(115, '', '', '', 0.00, '0000-00-00', '2025-12-18 23:08:36', '2025-12-18 23:08:36'),
(116, '', '', '', 0.00, '0000-00-00', '2025-12-18 23:08:36', '2025-12-18 23:08:36'),
(117, '', '', '', 0.00, '0000-00-00', '2025-12-18 23:08:37', '2025-12-18 23:08:37'),
(118, '', '', '', 0.00, '0000-00-00', '2025-12-18 23:08:37', '2025-12-18 23:08:37'),
(119, '', '', '', 0.00, '0000-00-00', '2025-12-18 23:08:37', '2025-12-18 23:08:37'),
(120, '', '', '', 0.00, '0000-00-00', '2025-12-18 23:08:37', '2025-12-18 23:08:37'),
(121, '', '', '', 0.00, '0000-00-00', '2025-12-18 23:08:37', '2025-12-18 23:08:37'),
(122, '', '', '', 0.00, '0000-00-00', '2025-12-18 23:08:37', '2025-12-18 23:08:37'),
(123, '', '', '', 0.00, '0000-00-00', '2025-12-18 23:08:37', '2025-12-18 23:08:37'),
(124, '', '', '', 0.00, '0000-00-00', '2025-12-18 23:08:37', '2025-12-18 23:08:37'),
(125, '', '', '', 0.00, '0000-00-00', '2025-12-18 23:08:37', '2025-12-18 23:08:37'),
(126, '', '', '', 0.00, '0000-00-00', '2025-12-18 23:08:37', '2025-12-18 23:08:37'),
(127, '', '', '', 0.00, '0000-00-00', '2025-12-18 23:08:37', '2025-12-18 23:08:37'),
(128, '', '', '', 0.00, '0000-00-00', '2025-12-18 23:08:37', '2025-12-18 23:08:37'),
(129, '', '', '', 0.00, '0000-00-00', '2025-12-18 23:08:37', '2025-12-18 23:08:37'),
(130, '', '', '', 0.00, '0000-00-00', '2025-12-18 23:08:37', '2025-12-18 23:08:37'),
(131, '', '', '', 0.00, '0000-00-00', '2025-12-18 23:08:37', '2025-12-18 23:08:37'),
(132, '', '', '', 0.00, '0000-00-00', '2025-12-18 23:08:41', '2025-12-18 23:08:41'),
(133, '', '', '', 0.00, '0000-00-00', '2025-12-18 23:08:41', '2025-12-18 23:08:41'),
(134, '', '', '', 0.00, '0000-00-00', '2025-12-18 23:08:41', '2025-12-18 23:08:41'),
(135, '', '', '', 0.00, '0000-00-00', '2025-12-18 23:08:41', '2025-12-18 23:08:41'),
(136, '', '', '', 0.00, '0000-00-00', '2025-12-18 23:08:41', '2025-12-18 23:08:41'),
(137, '', '', '', 0.00, '0000-00-00', '2025-12-18 23:08:41', '2025-12-18 23:08:41'),
(138, '', '', '', 0.00, '0000-00-00', '2025-12-18 23:08:41', '2025-12-18 23:08:41'),
(139, '', '', '', 0.00, '0000-00-00', '2025-12-18 23:08:41', '2025-12-18 23:08:41'),
(140, '', '', '', 0.00, '0000-00-00', '2025-12-18 23:08:41', '2025-12-18 23:08:41'),
(141, '', '', '', 0.00, '0000-00-00', '2025-12-18 23:08:41', '2025-12-18 23:08:41'),
(142, '', '', '', 0.00, '0000-00-00', '2025-12-18 23:08:41', '2025-12-18 23:08:41'),
(143, '', '', '', 0.00, '0000-00-00', '2025-12-18 23:08:41', '2025-12-18 23:08:41'),
(144, '', '', '', 0.00, '0000-00-00', '2025-12-18 23:08:41', '2025-12-18 23:08:41'),
(145, '', '', '', 0.00, '0000-00-00', '2025-12-18 23:08:41', '2025-12-18 23:08:41'),
(146, '', '', '', 0.00, '0000-00-00', '2025-12-18 23:08:41', '2025-12-18 23:08:41'),
(147, '', '', '', 0.00, '0000-00-00', '2025-12-18 23:08:41', '2025-12-18 23:08:41'),
(148, '', '', '', 0.00, '0000-00-00', '2025-12-18 23:08:41', '2025-12-18 23:08:41'),
(149, '', '', '', 0.00, '0000-00-00', '2025-12-18 23:08:41', '2025-12-18 23:08:41'),
(150, '', '', '', 0.00, '0000-00-00', '2025-12-18 23:08:41', '2025-12-18 23:08:41'),
(151, '', '', '', 0.00, '0000-00-00', '2025-12-18 23:08:41', '2025-12-18 23:08:41'),
(152, '', '', '', 0.00, '0000-00-00', '2025-12-18 23:08:42', '2025-12-18 23:08:42'),
(153, '', '', '', 0.00, '0000-00-00', '2025-12-18 23:08:42', '2025-12-18 23:08:42'),
(154, '', '', '', 0.00, '0000-00-00', '2025-12-18 23:08:42', '2025-12-18 23:08:42'),
(155, '', '', '', 0.00, '0000-00-00', '2025-12-18 23:08:42', '2025-12-18 23:08:42'),
(156, '', '', '', 0.00, '0000-00-00', '2025-12-18 23:08:42', '2025-12-18 23:08:42'),
(157, '', '', '', 0.00, '0000-00-00', '2025-12-18 23:08:43', '2025-12-18 23:08:43'),
(158, '', '', '', 0.00, '0000-00-00', '2025-12-18 23:08:43', '2025-12-18 23:08:43'),
(159, '', '', '', 0.00, '0000-00-00', '2025-12-18 23:08:43', '2025-12-18 23:08:43'),
(160, '', '', '', 0.00, '0000-00-00', '2025-12-18 23:08:43', '2025-12-18 23:08:43'),
(161, '', '', '', 0.00, '0000-00-00', '2025-12-18 23:08:43', '2025-12-18 23:08:43'),
(162, '', '', '', 0.00, '0000-00-00', '2025-12-18 23:08:43', '2025-12-18 23:08:43'),
(163, '', '', '', 0.00, '0000-00-00', '2025-12-18 23:08:43', '2025-12-18 23:08:43'),
(164, '', '', '', 0.00, '0000-00-00', '2025-12-18 23:08:43', '2025-12-18 23:08:43'),
(165, '', '', '', 0.00, '0000-00-00', '2025-12-18 23:08:43', '2025-12-18 23:08:43'),
(166, '', '', '', 0.00, '0000-00-00', '2025-12-18 23:08:43', '2025-12-18 23:08:43'),
(167, '', '', '', 0.00, '0000-00-00', '2025-12-18 23:08:43', '2025-12-18 23:08:43'),
(168, '', '', '', 0.00, '0000-00-00', '2025-12-18 23:08:43', '2025-12-18 23:08:43'),
(169, '', '', '', 0.00, '0000-00-00', '2025-12-18 23:08:43', '2025-12-18 23:08:43'),
(170, '', '', '', 0.00, '0000-00-00', '2025-12-18 23:08:43', '2025-12-18 23:08:43'),
(171, '', '', '', 0.00, '0000-00-00', '2025-12-18 23:08:43', '2025-12-18 23:08:43'),
(172, '', '', '', 0.00, '0000-00-00', '2025-12-18 23:08:44', '2025-12-18 23:08:44'),
(173, '', '', '', 0.00, '0000-00-00', '2025-12-18 23:08:44', '2025-12-18 23:08:44'),
(174, '', '', '', 0.00, '0000-00-00', '2025-12-18 23:08:44', '2025-12-18 23:08:44'),
(175, '', '', '', 0.00, '0000-00-00', '2025-12-18 23:08:44', '2025-12-18 23:08:44'),
(176, '', '', '', 0.00, '0000-00-00', '2025-12-18 23:08:44', '2025-12-18 23:08:44'),
(177, '', '', '', 0.00, '0000-00-00', '2025-12-18 23:08:44', '2025-12-18 23:08:44'),
(178, '', '', '', 0.00, '0000-00-00', '2025-12-18 23:08:44', '2025-12-18 23:08:44'),
(179, '', '', '', 0.00, '0000-00-00', '2025-12-18 23:08:44', '2025-12-18 23:08:44'),
(180, '', '', '', 0.00, '0000-00-00', '2025-12-18 23:08:44', '2025-12-18 23:08:44'),
(181, '', '', '', 0.00, '0000-00-00', '2025-12-18 23:08:44', '2025-12-18 23:08:44'),
(182, '', '', '', 0.00, '0000-00-00', '2025-12-18 23:08:44', '2025-12-18 23:08:44'),
(183, '', '', '', 0.00, '0000-00-00', '2025-12-18 23:08:44', '2025-12-18 23:08:44'),
(184, '', '', '', 0.00, '0000-00-00', '2025-12-18 23:08:44', '2025-12-18 23:08:44'),
(185, '', '', '', 0.00, '0000-00-00', '2025-12-18 23:08:44', '2025-12-18 23:08:44'),
(186, '', '', '', 0.00, '0000-00-00', '2025-12-18 23:08:44', '2025-12-18 23:08:44'),
(187, '', '', '', 0.00, '0000-00-00', '2025-12-18 23:08:44', '2025-12-18 23:08:44'),
(188, '', '', '', 0.00, '0000-00-00', '2025-12-18 23:08:44', '2025-12-18 23:08:44'),
(189, '', '', '', 0.00, '0000-00-00', '2025-12-18 23:08:44', '2025-12-18 23:08:44'),
(190, '', '', '', 0.00, '0000-00-00', '2025-12-18 23:08:44', '2025-12-18 23:08:44'),
(191, '', '', '', 0.00, '0000-00-00', '2025-12-18 23:08:44', '2025-12-18 23:08:44'),
(192, '', '', '', 0.00, '0000-00-00', '2025-12-18 23:08:45', '2025-12-18 23:08:45'),
(193, '', '', '', 0.00, '0000-00-00', '2025-12-18 23:08:45', '2025-12-18 23:08:45'),
(194, '', '', '', 0.00, '0000-00-00', '2025-12-18 23:08:46', '2025-12-18 23:08:46'),
(195, '', '', '', 0.00, '0000-00-00', '2025-12-18 23:08:46', '2025-12-18 23:08:46'),
(196, '', '', '', 0.00, '0000-00-00', '2025-12-18 23:08:46', '2025-12-18 23:08:46'),
(197, '', '', '', 0.00, '0000-00-00', '2025-12-18 23:08:46', '2025-12-18 23:08:46'),
(198, '', '', '', 0.00, '0000-00-00', '2025-12-18 23:08:46', '2025-12-18 23:08:46'),
(199, '', '', '', 0.00, '0000-00-00', '2025-12-18 23:08:46', '2025-12-18 23:08:46'),
(200, '', '', '', 0.00, '0000-00-00', '2025-12-18 23:08:46', '2025-12-18 23:08:46'),
(201, '', '', '', 0.00, '0000-00-00', '2025-12-18 23:08:46', '2025-12-18 23:08:46'),
(202, '', '', '', 0.00, '0000-00-00', '2025-12-18 23:08:46', '2025-12-18 23:08:46'),
(203, '', '', '', 0.00, '0000-00-00', '2025-12-18 23:08:46', '2025-12-18 23:08:46'),
(204, '', '', '', 0.00, '0000-00-00', '2025-12-18 23:08:46', '2025-12-18 23:08:46'),
(205, '', '', '', 0.00, '0000-00-00', '2025-12-18 23:08:46', '2025-12-18 23:08:46'),
(206, '', '', '', 0.00, '0000-00-00', '2025-12-18 23:08:46', '2025-12-18 23:08:46'),
(207, '', '', '', 0.00, '0000-00-00', '2025-12-18 23:08:46', '2025-12-18 23:08:46'),
(208, '', '', '', 0.00, '0000-00-00', '2025-12-18 23:08:46', '2025-12-18 23:08:46'),
(209, '', '', '', 0.00, '0000-00-00', '2025-12-18 23:08:46', '2025-12-18 23:08:46'),
(210, '', '', '', 0.00, '0000-00-00', '2025-12-18 23:08:46', '2025-12-18 23:08:46'),
(211, '', '', '', 0.00, '0000-00-00', '2025-12-18 23:08:46', '2025-12-18 23:08:46'),
(212, '', '', '', 0.00, '0000-00-00', '2025-12-18 23:08:51', '2025-12-18 23:08:51'),
(213, '', '', '', 0.00, '0000-00-00', '2025-12-18 23:08:51', '2025-12-18 23:08:51'),
(214, '', '', '', 0.00, '0000-00-00', '2025-12-18 23:08:51', '2025-12-18 23:08:51'),
(215, '', '', '', 0.00, '0000-00-00', '2025-12-18 23:08:51', '2025-12-18 23:08:51'),
(216, '', '', '', 0.00, '0000-00-00', '2025-12-18 23:08:51', '2025-12-18 23:08:51'),
(217, '', '', '', 0.00, '0000-00-00', '2025-12-18 23:08:51', '2025-12-18 23:08:51'),
(218, '', '', '', 0.00, '0000-00-00', '2025-12-18 23:08:51', '2025-12-18 23:08:51'),
(219, '', '', '', 0.00, '0000-00-00', '2025-12-18 23:08:51', '2025-12-18 23:08:51'),
(220, '', '', '', 0.00, '0000-00-00', '2025-12-18 23:08:51', '2025-12-18 23:08:51'),
(221, '', '', '', 0.00, '0000-00-00', '2025-12-18 23:08:51', '2025-12-18 23:08:51'),
(222, '', '', '', 0.00, '0000-00-00', '2025-12-18 23:08:51', '2025-12-18 23:08:51'),
(223, '', '', '', 0.00, '0000-00-00', '2025-12-18 23:08:51', '2025-12-18 23:08:51'),
(224, '', '', '', 0.00, '0000-00-00', '2025-12-18 23:08:51', '2025-12-18 23:08:51'),
(225, '', '', '', 0.00, '0000-00-00', '2025-12-18 23:08:51', '2025-12-18 23:08:51'),
(226, '', '', '', 0.00, '0000-00-00', '2025-12-18 23:08:51', '2025-12-18 23:08:51'),
(227, '', '', '', 0.00, '0000-00-00', '2025-12-18 23:08:51', '2025-12-18 23:08:51'),
(228, '', '', '', 0.00, '0000-00-00', '2025-12-18 23:08:51', '2025-12-18 23:08:51'),
(229, '', '', '', 0.00, '0000-00-00', '2025-12-18 23:08:51', '2025-12-18 23:08:51'),
(230, '', '', '', 0.00, '0000-00-00', '2025-12-18 23:08:51', '2025-12-18 23:08:51'),
(231, '', '', '', 0.00, '0000-00-00', '2025-12-18 23:08:51', '2025-12-18 23:08:51'),
(232, '', '', '', 0.00, '0000-00-00', '2025-12-18 23:10:36', '2025-12-18 23:10:36'),
(233, '', '', '', 0.00, '0000-00-00', '2025-12-18 23:10:36', '2025-12-18 23:10:36'),
(234, '', '', '', 0.00, '0000-00-00', '2025-12-18 23:10:36', '2025-12-18 23:10:36'),
(235, '', '', '', 0.00, '0000-00-00', '2025-12-18 23:10:36', '2025-12-18 23:10:36'),
(236, '', '', '', 0.00, '0000-00-00', '2025-12-18 23:10:36', '2025-12-18 23:10:36'),
(237, '', '', '', 0.00, '0000-00-00', '2025-12-18 23:10:36', '2025-12-18 23:10:36'),
(238, '', '', '', 0.00, '0000-00-00', '2025-12-18 23:10:36', '2025-12-18 23:10:36'),
(239, '', '', '', 0.00, '0000-00-00', '2025-12-18 23:10:36', '2025-12-18 23:10:36'),
(240, '', '', '', 0.00, '0000-00-00', '2025-12-18 23:10:36', '2025-12-18 23:10:36'),
(241, '', '', '', 0.00, '0000-00-00', '2025-12-18 23:10:36', '2025-12-18 23:10:36'),
(242, '', '', '', 0.00, '0000-00-00', '2025-12-18 23:10:36', '2025-12-18 23:10:36'),
(243, '', '', '', 0.00, '0000-00-00', '2025-12-18 23:10:36', '2025-12-18 23:10:36'),
(244, '', '', '', 0.00, '0000-00-00', '2025-12-18 23:10:36', '2025-12-18 23:10:36'),
(245, '', '', '', 0.00, '0000-00-00', '2025-12-18 23:10:36', '2025-12-18 23:10:36'),
(246, '', '', '', 0.00, '0000-00-00', '2025-12-18 23:10:36', '2025-12-18 23:10:36'),
(247, '', '', '', 0.00, '0000-00-00', '2025-12-18 23:10:36', '2025-12-18 23:10:36'),
(248, '', '', '', 0.00, '0000-00-00', '2025-12-18 23:10:36', '2025-12-18 23:10:36'),
(249, '', '', '', 0.00, '0000-00-00', '2025-12-18 23:10:36', '2025-12-18 23:10:36'),
(250, '', '', '', 0.00, '0000-00-00', '2025-12-18 23:10:36', '2025-12-18 23:10:36'),
(251, '', '', '', 0.00, '0000-00-00', '2025-12-18 23:10:36', '2025-12-18 23:10:36'),
(252, '', '', '', 0.00, '0000-00-00', '2025-12-18 23:10:37', '2025-12-18 23:10:37'),
(253, '', '', '', 0.00, '0000-00-00', '2025-12-18 23:10:37', '2025-12-18 23:10:37'),
(254, '', '', '', 0.00, '0000-00-00', '2025-12-18 23:10:37', '2025-12-18 23:10:37'),
(255, '', '', '', 0.00, '0000-00-00', '2025-12-18 23:10:37', '2025-12-18 23:10:37'),
(256, '', '', '', 0.00, '0000-00-00', '2025-12-18 23:10:37', '2025-12-18 23:10:37'),
(257, '', '', '', 0.00, '0000-00-00', '2025-12-18 23:10:38', '2025-12-18 23:10:38'),
(258, '', '', '', 0.00, '0000-00-00', '2025-12-18 23:10:38', '2025-12-18 23:10:38'),
(259, '', '', '', 0.00, '0000-00-00', '2025-12-18 23:10:38', '2025-12-18 23:10:38'),
(260, '', '', '', 0.00, '0000-00-00', '2025-12-18 23:10:38', '2025-12-18 23:10:38'),
(261, '', '', '', 0.00, '0000-00-00', '2025-12-18 23:10:38', '2025-12-18 23:10:38'),
(262, '', '', '', 0.00, '0000-00-00', '2025-12-18 23:10:38', '2025-12-18 23:10:38'),
(263, '', '', '', 0.00, '0000-00-00', '2025-12-18 23:10:38', '2025-12-18 23:10:38'),
(264, '', '', '', 0.00, '0000-00-00', '2025-12-18 23:10:38', '2025-12-18 23:10:38'),
(265, '', '', '', 0.00, '0000-00-00', '2025-12-18 23:10:38', '2025-12-18 23:10:38'),
(266, '', '', '', 0.00, '0000-00-00', '2025-12-18 23:10:38', '2025-12-18 23:10:38'),
(267, '', '', '', 0.00, '0000-00-00', '2025-12-18 23:10:38', '2025-12-18 23:10:38'),
(268, '', '', '', 0.00, '0000-00-00', '2025-12-18 23:10:38', '2025-12-18 23:10:38'),
(269, '', '', '', 0.00, '0000-00-00', '2025-12-18 23:10:38', '2025-12-18 23:10:38'),
(270, '', '', '', 0.00, '0000-00-00', '2025-12-18 23:10:38', '2025-12-18 23:10:38'),
(271, '', '', '', 0.00, '0000-00-00', '2025-12-18 23:10:38', '2025-12-18 23:10:38'),
(272, '', '', '', 0.00, '0000-00-00', '2025-12-18 23:19:58', '2025-12-18 23:19:58'),
(273, '', '', '', 0.00, '0000-00-00', '2025-12-18 23:19:58', '2025-12-18 23:19:58'),
(274, '', '', '', 0.00, '0000-00-00', '2025-12-18 23:19:58', '2025-12-18 23:19:58'),
(275, '', '', '', 0.00, '0000-00-00', '2025-12-18 23:19:58', '2025-12-18 23:19:58'),
(276, '', '', '', 0.00, '0000-00-00', '2025-12-18 23:19:58', '2025-12-18 23:19:58'),
(277, '', '', '', 0.00, '0000-00-00', '2025-12-18 23:19:58', '2025-12-18 23:19:58'),
(278, '', '', '', 0.00, '0000-00-00', '2025-12-18 23:19:58', '2025-12-18 23:19:58'),
(279, '', '', '', 0.00, '0000-00-00', '2025-12-18 23:19:58', '2025-12-18 23:19:58'),
(280, '', '', '', 0.00, '0000-00-00', '2025-12-18 23:19:58', '2025-12-18 23:19:58'),
(281, '', '', '', 0.00, '0000-00-00', '2025-12-18 23:19:58', '2025-12-18 23:19:58'),
(282, '', '', '', 0.00, '0000-00-00', '2025-12-18 23:19:58', '2025-12-18 23:19:58'),
(283, '', '', '', 0.00, '0000-00-00', '2025-12-18 23:19:58', '2025-12-18 23:19:58'),
(284, '', '', '', 0.00, '0000-00-00', '2025-12-18 23:19:58', '2025-12-18 23:19:58'),
(285, '', '', '', 0.00, '0000-00-00', '2025-12-18 23:19:59', '2025-12-18 23:19:59'),
(286, '', '', '', 0.00, '0000-00-00', '2025-12-18 23:19:59', '2025-12-18 23:19:59'),
(287, '', '', '', 0.00, '0000-00-00', '2025-12-18 23:19:59', '2025-12-18 23:19:59'),
(288, '', '', '', 0.00, '0000-00-00', '2025-12-18 23:19:59', '2025-12-18 23:19:59'),
(289, '', '', '', 0.00, '0000-00-00', '2025-12-18 23:19:59', '2025-12-18 23:19:59'),
(290, '', '', '', 0.00, '0000-00-00', '2025-12-18 23:19:59', '2025-12-18 23:19:59'),
(291, '', '', '', 0.00, '0000-00-00', '2025-12-18 23:19:59', '2025-12-18 23:19:59'),
(292, '', '', '', 0.00, '0000-00-00', '2025-12-18 23:20:00', '2025-12-18 23:20:00'),
(293, '', '', '', 0.00, '0000-00-00', '2025-12-18 23:20:00', '2025-12-18 23:20:00'),
(294, '', '', '', 0.00, '0000-00-00', '2025-12-18 23:20:00', '2025-12-18 23:20:00'),
(295, '', '', '', 0.00, '0000-00-00', '2025-12-18 23:20:00', '2025-12-18 23:20:00'),
(296, '', '', '', 0.00, '0000-00-00', '2025-12-18 23:20:00', '2025-12-18 23:20:00'),
(297, '', '', '', 0.00, '0000-00-00', '2025-12-18 23:20:00', '2025-12-18 23:20:00'),
(298, '', '', '', 0.00, '0000-00-00', '2025-12-18 23:20:00', '2025-12-18 23:20:00'),
(299, '', '', '', 0.00, '0000-00-00', '2025-12-18 23:20:00', '2025-12-18 23:20:00'),
(300, '', '', '', 0.00, '0000-00-00', '2025-12-18 23:20:00', '2025-12-18 23:20:00'),
(301, '', '', '', 0.00, '0000-00-00', '2025-12-18 23:20:00', '2025-12-18 23:20:00'),
(302, '', '', '', 0.00, '0000-00-00', '2025-12-18 23:20:00', '2025-12-18 23:20:00'),
(303, '', '', '', 0.00, '0000-00-00', '2025-12-18 23:20:00', '2025-12-18 23:20:00'),
(304, '', '', '', 0.00, '0000-00-00', '2025-12-18 23:20:00', '2025-12-18 23:20:00'),
(305, '', '', '', 0.00, '0000-00-00', '2025-12-18 23:20:00', '2025-12-18 23:20:00'),
(306, '', '', '', 0.00, '0000-00-00', '2025-12-18 23:20:00', '2025-12-18 23:20:00'),
(307, '', '', '', 0.00, '0000-00-00', '2025-12-18 23:20:00', '2025-12-18 23:20:00'),
(308, '', '', '', 0.00, '0000-00-00', '2025-12-18 23:20:00', '2025-12-18 23:20:00'),
(309, '', '', '', 0.00, '0000-00-00', '2025-12-18 23:20:00', '2025-12-18 23:20:00'),
(310, '', '', '', 0.00, '0000-00-00', '2025-12-18 23:20:00', '2025-12-18 23:20:00'),
(311, '', '', '', 0.00, '0000-00-00', '2025-12-18 23:20:00', '2025-12-18 23:20:00'),
(312, '', '', '', 0.00, '0000-00-00', '2025-12-18 23:20:01', '2025-12-18 23:20:01'),
(313, '', '', '', 0.00, '0000-00-00', '2025-12-18 23:20:01', '2025-12-18 23:20:01'),
(314, '', '', '', 0.00, '0000-00-00', '2025-12-18 23:20:01', '2025-12-18 23:20:01'),
(315, '', '', '', 0.00, '0000-00-00', '2025-12-18 23:20:01', '2025-12-18 23:20:01'),
(316, '', '', '', 0.00, '0000-00-00', '2025-12-18 23:20:01', '2025-12-18 23:20:01'),
(317, '', '', '', 0.00, '0000-00-00', '2025-12-18 23:20:01', '2025-12-18 23:20:01'),
(318, '', '', '', 0.00, '0000-00-00', '2025-12-18 23:20:01', '2025-12-18 23:20:01'),
(319, '', '', '', 0.00, '0000-00-00', '2025-12-18 23:20:01', '2025-12-18 23:20:01'),
(320, '', '', '', 0.00, '0000-00-00', '2025-12-18 23:20:01', '2025-12-18 23:20:01'),
(321, '', '', '', 0.00, '0000-00-00', '2025-12-18 23:20:01', '2025-12-18 23:20:01'),
(322, '', '', '', 0.00, '0000-00-00', '2025-12-18 23:20:01', '2025-12-18 23:20:01'),
(323, '', '', '', 0.00, '0000-00-00', '2025-12-18 23:20:01', '2025-12-18 23:20:01'),
(324, '', '', '', 0.00, '0000-00-00', '2025-12-18 23:20:01', '2025-12-18 23:20:01'),
(325, '', '', '', 0.00, '0000-00-00', '2025-12-18 23:20:01', '2025-12-18 23:20:01'),
(326, '', '', '', 0.00, '0000-00-00', '2025-12-18 23:20:01', '2025-12-18 23:20:01'),
(327, '', '', '', 0.00, '0000-00-00', '2025-12-18 23:20:01', '2025-12-18 23:20:01'),
(328, '', '', '', 0.00, '0000-00-00', '2025-12-18 23:20:01', '2025-12-18 23:20:01'),
(329, '', '', '', 0.00, '0000-00-00', '2025-12-18 23:20:01', '2025-12-18 23:20:01'),
(330, '', '', '', 0.00, '0000-00-00', '2025-12-18 23:20:01', '2025-12-18 23:20:01'),
(331, '', '', '', 0.00, '0000-00-00', '2025-12-18 23:20:01', '2025-12-18 23:20:01');

-- --------------------------------------------------------

--
-- Table structure for table `users`
--

CREATE TABLE `users` (
  `id` int(11) NOT NULL,
  `username` varchar(100) DEFAULT NULL,
  `password` varchar(255) DEFAULT NULL
) ENGINE=InnoDB DEFAULT CHARSET=utf8mb4 COLLATE=utf8mb4_unicode_ci;

--
-- Dumping data for table `users`
--

INSERT INTO `users` (`id`, `username`, `password`) VALUES
(1, 'admin', '1234');

--
-- Indexes for dumped tables
--

--
-- Indexes for table `attendance`
--
ALTER TABLE `attendance`
  ADD PRIMARY KEY (`id`),
  ADD UNIQUE KEY `uq_attendance` (`pupil_id`,`date`);

--
-- Indexes for table `class`
--
ALTER TABLE `class`
  ADD PRIMARY KEY (`id`),
  ADD UNIQUE KEY `name` (`name`),
  ADD UNIQUE KEY `teacher_id` (`teacher_id`);

--
-- Indexes for table `library_book`
--
ALTER TABLE `library_book`
  ADD PRIMARY KEY (`id`),
  ADD UNIQUE KEY `isbn` (`isbn`);

--
-- Indexes for table `parent`
--
ALTER TABLE `parent`
  ADD PRIMARY KEY (`id`),
  ADD UNIQUE KEY `email` (`email`);

--
-- Indexes for table `pupil`
--
ALTER TABLE `pupil`
  ADD PRIMARY KEY (`id`),
  ADD KEY `fk_pupil_class` (`class_id`);

--
-- Indexes for table `pupil_parent`
--
ALTER TABLE `pupil_parent`
  ADD PRIMARY KEY (`pupil_id`,`parent_id`),
  ADD KEY `fk_pp_parent` (`parent_id`);

--
-- Indexes for table `teacher`
--
ALTER TABLE `teacher`
  ADD PRIMARY KEY (`id`);

--
-- Indexes for table `users`
--
ALTER TABLE `users`
  ADD PRIMARY KEY (`id`),
  ADD UNIQUE KEY `username` (`username`);

--
-- AUTO_INCREMENT for dumped tables
--

--
-- AUTO_INCREMENT for table `attendance`
--
ALTER TABLE `attendance`
  MODIFY `id` int(11) NOT NULL AUTO_INCREMENT, AUTO_INCREMENT=9;

--
-- AUTO_INCREMENT for table `class`
--
ALTER TABLE `class`
  MODIFY `id` int(11) NOT NULL AUTO_INCREMENT, AUTO_INCREMENT=11;

--
-- AUTO_INCREMENT for table `library_book`
--
ALTER TABLE `library_book`
  MODIFY `id` int(11) NOT NULL AUTO_INCREMENT, AUTO_INCREMENT=8;

--
-- AUTO_INCREMENT for table `parent`
--
ALTER TABLE `parent`
  MODIFY `id` int(11) NOT NULL AUTO_INCREMENT, AUTO_INCREMENT=9;

--
-- AUTO_INCREMENT for table `pupil`
--
ALTER TABLE `pupil`
  MODIFY `id` int(11) NOT NULL AUTO_INCREMENT, AUTO_INCREMENT=11;

--
-- AUTO_INCREMENT for table `teacher`
--
ALTER TABLE `teacher`
  MODIFY `id` int(11) NOT NULL AUTO_INCREMENT, AUTO_INCREMENT=334;

--
-- AUTO_INCREMENT for table `users`
--
ALTER TABLE `users`
  MODIFY `id` int(11) NOT NULL AUTO_INCREMENT, AUTO_INCREMENT=2;

--
-- Constraints for dumped tables
--

--
-- Constraints for table `attendance`
--
ALTER TABLE `attendance`
  ADD CONSTRAINT `fk_attendance_pupil` FOREIGN KEY (`pupil_id`) REFERENCES `pupil` (`id`) ON DELETE CASCADE;

--
-- Constraints for table `class`
--
ALTER TABLE `class`
  ADD CONSTRAINT `fk_class_teacher` FOREIGN KEY (`teacher_id`) REFERENCES `teacher` (`id`) ON DELETE SET NULL ON UPDATE CASCADE;

--
-- Constraints for table `pupil`
--
ALTER TABLE `pupil`
  ADD CONSTRAINT `fk_pupil_class` FOREIGN KEY (`class_id`) REFERENCES `class` (`id`) ON UPDATE CASCADE;

--
-- Constraints for table `pupil_parent`
--
ALTER TABLE `pupil_parent`
  ADD CONSTRAINT `fk_pp_parent` FOREIGN KEY (`parent_id`) REFERENCES `parent` (`id`),
  ADD CONSTRAINT `fk_pp_pupil` FOREIGN KEY (`pupil_id`) REFERENCES `pupil` (`id`) ON DELETE CASCADE;
COMMIT;

/*!40101 SET CHARACTER_SET_CLIENT=@OLD_CHARACTER_SET_CLIENT */;
/*!40101 SET CHARACTER_SET_RESULTS=@OLD_CHARACTER_SET_RESULTS */;
/*!40101 SET COLLATION_CONNECTION=@OLD_COLLATION_CONNECTION */;
